Name of Clinic,Address,Email,Phone,Services
Allsports Podiatry Albany Creek,Albany Creek Leisure Centre Cnr Old Northern Rd & Explorer Drive Albany Creek QLD 4035,valbanycreek@allsportspodiatry.com.au,1800366837,Sports podiatry; Digital Gait analysis; Custom Orthotics; Paediatric assessments; Footwear assessments; General podiatry care; Clinical Podiatry; Health Funds; Custom Foot Orthotics; Video Gait Analysis; Diabetes and Footcare; National Disability Insurance Scheme (NDIS); Seniors Footcare; Resources
My FootDr Allsports Podiatry Aspley,2/1370 Gympie Road Aspley QLD 4034,vaspley@allsportspodiatry.com.au,1800366837,NA
My FootDr Brisbane CBD,Ground Level 324 Queen Street Brisbane QLD 4000,vbrisbanecbd@myfootdr.com.au,1800366837,Clinical Podiatry; Custom Foot Orthotics; Video Gait Analysis; Fungal Nail Infection Laser Treatment; Diabetic Footcare; Custom Footwear; National Disability Insurance Scheme; CAM Walker (Moon Boot); Seniors Footcare; Cosmetic Nail Restoration; Footwear; Cryotherapy For Plantar Warts; Health Funds; Diabetes and Footcare; National Disability Insurance Scheme (NDIS); Resources
My FootDr Brookwater,17 / L1 Brookwater Retail Village 2 Tournament Drive Brookwater QLD 4300,vbrookwater@myfootdr.com.au,1800366837,Clinical Podiatry; Custom Foot Orthotics; Video Gait Analysis; Fungal Nail Infection Laser Treatment; Diabetic Footcare; Custom Footwear; National Disability Insurance Scheme; CAM Walker (Moon Boot); Seniors Footcare; Shockwave Therapy; Supramalleolar Orthotics (SMOs); Footwear; Health Funds; Diabetes and Footcare; National Disability Insurance Scheme (NDIS); Resources
Allsports Podiatry Calamvale,Cnr Kameruka Street & Beaudesert Road Calamvale QLD 4116,vcalamvale@allsportspodiatry.com.au,1800366837,Clinical podiatry; Custom foot orthotics; Video gait analysis; Diabetic footcare; National Disability Insurance Scheme; CAM walker (moon boot); Seniors footcare; Clinical Podiatry; Health Funds; Custom Foot Orthotics; Video Gait Analysis; Diabetes and Footcare; National Disability Insurance Scheme (NDIS); CAM Walker (Moon Boot); Seniors Footcare; Resources
Allsports Podiatry Camp Hill,448 Old Cleveland Road Camp Hill QLD 4152,vcamphill@allsportspodiatry.com.au,1800366837,Clinical podiatry; Custom foot orthotics; Video gait analysis; Diabetic footcare; National Disability Insurance Scheme; CAM walker (moon boot); Seniors footcare; Clinical Podiatry; Health Funds; Custom Foot Orthotics; Video Gait Analysis; Diabetes and Footcare; National Disability Insurance Scheme (NDIS); CAM Walker (Moon Boot); Seniors Footcare; Resources
My FootDr Camp Hill,50 Wyena Street (Cnr Clara & Wyena St) Camp Hill QLD 4152,vcamphill@myfootdr.com.au,1800366837,Clinical podiatry; Fungal nail infection laser treatment; Diabetic footcare; SWIFT microwave wart therapy; Cryotherapy for plantar warts; Seniors footcare; Cosmetic nail restoration; Paraffin wax bath treatment; National Disability Insurance Scheme; Video gait analysis; Shockwave therapy; Footwear; Custom foot orthotics; Custom footwear; CAM walker (moon boot); SureStep; Custom cricket shoes; Cobra9 cycling orthotics; Supramalleolar Orthotics (SMOs); Fungal Nail Diafactory Testing; Clinical Podiatry; Health Funds; Custom Foot Orthotics; Video Gait Analysis; Fungal Nail Infection Laser Treatment; Diabetes and Footcare; Custom Footwear; National Disability Insurance Scheme (NDIS); CAM Walker (Moon Boot); Custom Cricket Shoes; Cosmetic Nail Restoration; Shockwave Therapy; Cobra9 Cycling Orthotics; Paraffin Wax Bath Treatment; Cryotherapy For Plantar Warts; SWIFT Microwave Wart Therapy; Resources; Ankle-Foot Orthoses
My FootDr Cleveland,"Suite 5 & 6, Trinity Chambers Cnr Waterloo & Middle Streets Cleveland QLD 4163",vcleveland@myfootdr.com.au,1800366837,Clinical podiatry; Custom foot orthotics; Video gait analysis; Fungal nail infection laser treatment; Diabetic footcare; Custom footwear; National Disability Insurance Scheme; CAM walker (moon boot); Seniors footcare; Cosmetic nail restoration; Shockwave therapy; Footwear; Paraffin wax bath treatment; Cryotherapy for plantar warts; Clinical Podiatry; Health Funds; Custom Foot Orthotics; Video Gait Analysis; Fungal Nail Infection Laser Treatment; Diabetes and Footcare; Custom Footwear; National Disability Insurance Scheme (NDIS); CAM Walker (Moon Boot); Cosmetic Nail Restoration; Shockwave Therapy; Cryotherapy For Plantar Warts; Resources
My FootDr Fortitude Valley,2/455A Brunswick Street Fortitude Valley QLD 4006,vfortitudevalley@myfootdr.com.au,1800366837,Clinical podiatry; Custom foot orthotics; Video gait analysis; Fungal nail infection laser treatment; Diabetic footcare; Custom footwear; National Disability Insurance Scheme; CAM walker (moon boot); Seniors footcare; Cosmetic nail restoration; Shockwave therapy; Footwear; Paraffin wax bath treatment; Cryotherapy for plantar warts; Clinical Podiatry; Health Funds; Custom Foot Orthotics; Video Gait Analysis; Fungal Nail Infection Laser Treatment; Diabetes and Footcare; Custom Footwear; National Disability Insurance Scheme (NDIS); CAM Walker (Moon Boot); Cosmetic Nail Restoration; Shockwave Therapy; Paraffin Wax Bath Treatment; Cryotherapy For Plantar Warts; Resources
My FootDr Gumdale,"Eastside Village Shopping Centre Shop 20, Cnr New Cleveland & Tilley Roads Gumdale QLD 4154",vgumdale@myfootdr.com.au,1800366837,Clinical podiatry; Custom foot orthotics; Video gait analysis; Diabetic footcare; Custom footwear; National Disability Insurance Scheme; CAM walker (moon boot); Seniors footcare; Cosmetic nail restoration; Paraffin wax bath treatment; Cryotherapy for plantar warts; Clinical Podiatry; Health Funds; Custom Foot Orthotics; Video Gait Analysis; Diabetes and Footcare; Custom Footwear; National Disability Insurance Scheme (NDIS); CAM Walker (Moon Boot); Cosmetic Nail Restoration; Shockwave Therapy; Paraffin Wax Bath Treatment; Cryotherapy For Plantar Warts; Resources
My FootDr Allsports Podiatry Hawthorne,Brisbane Sports & Exercise Medicine Specialists 87 Riding Road Hawthorne QLD 4171,vhawthorne@allsportspodiatry.com.au,1800366837,Sports podiatry; Digital Gait analysis; Custom Orthotics; Paediatric assessments; Footwear assessments
Allsports Podiatry Indooroopilly,56 Coonan St (Cnr of Keating & Coonan St) Indooroopilly QLD 4068,vindooroopilly@allsportspodiatry.com.au,1800366837,Clinical podiatry; Custom foot orthotics; Video gait analysis; Diabetic footcare; National Disability Insurance Scheme; CAM walker (moon boot); Seniors footcare; Clinical Podiatry; Health Funds; Custom Foot Orthotics; Video Gait Analysis; Diabetes and Footcare; National Disability Insurance Scheme (NDIS); CAM Walker (Moon Boot); Seniors Footcare; Resources
My FootDr Indooroopilly,56B Coonan Street Indooroopilly QLD 4068,vindooroopilly@myfootdr.com.au,1800366837,Clinical podiatry; Custom foot orthotics; Video gait analysis; Fungal nail infection laser treatment; Diabetic footcare; Custom footwear; National Disability Insurance Scheme; CAM walker (moon boot); Seniors footcare; Cosmetic nail restoration; Shockwave therapy; Footwear; Paraffin wax bath treatment; Clinical Podiatry; Health Funds; Custom Foot Orthotics; Video Gait Analysis; Fungal Nail Infection Laser Treatment; Diabetes and Footcare; Custom Footwear; National Disability Insurance Scheme (NDIS); CAM Walker (Moon Boot); Cosmetic Nail Restoration; Shockwave Therapy; Paraffin Wax Bath Treatment; Resources
My FootDr Ipswich,Physioactive 57 Thorn Street Ipswich QLD 4305,vipswich@myfootdr.com.au,1800366837,Clinical podiatry; Custom foot orthotics; Video gait analysis; Fungal nail infection laser treatment; Diabetic footcare; National Disability Insurance Scheme; CAM walker (moon boot); Seniors footcare; Clinical Podiatry; Health Funds; Custom Foot Orthotics; Video Gait Analysis; Fungal Nail Infection Laser Treatment; Diabetes and Footcare; National Disability Insurance Scheme (NDIS); CAM Walker (Moon Boot); Resources
My FootDr Jindalee,"Allsports Physiotherapy, Shop 28 34 Goggs Road Jindalee QLD 4074",vjindalee@myfootdr.com.au,1800366837,Clinical podiatry; Custom foot orthotics; Video gait analysis; Diabetic footcare; National Disability Insurance Scheme; CAM walker (moon boot); Seniors footcare; Clinical Podiatry; Health Funds; Custom Foot Orthotics; Video Gait Analysis; Diabetes and Footcare; National Disability Insurance Scheme (NDIS); CAM Walker (Moon Boot); Resources
Allsports Podiatry Kangaroo Point,"Level 2, Suite 5 22 Baildon Street Kangaroo Point QLD 4169",vkangaroopoint@allsportspodiatry.com.au,1800366837,Clinical podiatry; Custom foot orthotics; Video gait analysis; Diabetic footcare; National Disability Insurance Scheme; CAM walker (moon boot); Seniors footcare; Clinical Podiatry; Health Funds; Custom Foot Orthotics; Video Gait Analysis; Diabetes and Footcare; National Disability Insurance Scheme (NDIS); CAM Walker (Moon Boot); Resources
My FootDr Brookside,"Brookside Shopping Centre Shop 118, 159 Osborne Rd Mitchelton QLD 4053",vbrookside@myfootdr.com.au,1800366837,Clinical Podiatry; Health Funds; Custom Foot Orthotics; Video Gait Analysis; Fungal Nail Infection Laser Treatment; Diabetes and Footcare; National Disability Insurance Scheme (NDIS); CAM Walker (Moon Boot); Footwear; Resources
Anytime Physio & Podiatry Newstead,Shop B6 / 76 Skyring Terrace Gasworks Plaza Newstead QLD 4006,vinfo@anytimephysio.com.au,1800366837,Clinical Podiatry; Health Funds; Custom Foot Orthotics; Video Gait Analysis; Diabetes and Footcare
My FootDr North Lakes,"North Lakes Specialist Medical Centre Unit 204, 6 North Lakes Drive North Lakes QLD 4509",vnorthlakes@myfootdr.com.au,1800366837,"Heel and arch pain (plantar fasciitis); Sports injuries including shin splints,Achilles painandknee pain(anterior knee pain, meniscal injuries, and patella tendinitis; Children’s foot health; Diabetes foot care; Clinical Podiatry; Health Funds; Custom Foot Orthotics; Video Gait Analysis; Diabetes and Footcare; National Disability Insurance Scheme (NDIS); CAM Walker (Moon Boot); Resources"
Allsports Podiatry Red Hill,The Red Hill Centre 11/152 Musgrave Road Red Hill QLD 4059,vredhill@allsportspodiatry.com.au,1800366837,Sports Podiatry; Video Gait Assessment; Biomechanical Assessments; 3D Printed Orthotics; Custom Sports Orthotics; Paediatric Assessments; Nail Surgery and General Podiatry Care; Clinical Podiatry; Health Funds; Custom Foot Orthotics; Video Gait Analysis; Diabetes and Footcare; National Disability Insurance Scheme (NDIS); CAM Walker (Moon Boot); Resources
My FootDr Red Hill,Arthur House 47 Arthur Tce Red Hill QLD 4059,vredhill@myfootdr.com.au,1800366837,NA
My FootDr Redcliffe,Dolphins Central Shopping Centre 10/110 Ashmole Rd Redcliffe QLD 4020,vredcliffe@myfootdr.com.au,1800366837,Clinical Podiatry; Health Funds; Custom Foot Orthotics; Video Gait Analysis; Diabetes and Footcare; National Disability Insurance Scheme (NDIS); CAM Walker (Moon Boot); Shockwave Therapy; Footwear; Paraffin Wax Bath Treatment; Cryotherapy For Plantar Warts; Resources
My FootDr Shailer Park,6/44 Bryants Road Shailer Park QLD 4128,vshailerpark@myfootdr.com.au,1800366837,Clinical Podiatry; Health Funds; Custom Foot Orthotics; Video Gait Analysis; Fungal Nail Infection Laser Treatment; Diabetes and Footcare; National Disability Insurance Scheme (NDIS); CAM Walker (Moon Boot); Footwear; Cryotherapy For Plantar Warts; Resources
My FootDr Stafford,Shop 93A Stafford City Shopping Centre 400 Stafford Rd Stafford QLD 4053,vstafford@myfootdr.com.au,1800366837,Clinical Podiatry; Health Funds; Custom Foot Orthotics; Video Gait Analysis; Fungal Nail Infection Laser Treatment; Diabetes and Footcare; Custom Footwear; National Disability Insurance Scheme (NDIS); CAM Walker (Moon Boot); Cosmetic Nail Restoration; Shockwave Therapy; Footwear; Paraffin Wax Bath Treatment; Cryotherapy For Plantar Warts; Resources
Allsports Podiatry The Gap,970 Waterworks Rd The Gap QLD 4061,vthegap@allsportspodiatry.com.au,1800366837,Sports Podiatry; Video Gait Assessment; Biomechanical Assessments; 3D Printed Orthotics; Custom Sports Orthotics; Paediatric Assessments; Nail Surgery and General Podiatry Care; Clinical Podiatry; Health Funds; Custom Foot Orthotics; Video Gait Analysis; Diabetes and Footcare; National Disability Insurance Scheme (NDIS); CAM Walker (Moon Boot); Resources
Allsports Podiatry Toowong,"Ground Floor, 80 Jephson Street Toowong QLD 4066",vtoowong@allsportspodiatry.com.au,1800366837,Sports Podiatry; Video Gait Assessment; Biomechanical Assessments; 3D Printed Orthotics; Custom Sports Orthotics; Paediatric Assessments; Nail Surgery and General Podiatry Care; Clinical Podiatry; Health Funds; Custom Foot Orthotics; Video Gait Analysis; Diabetes and Footcare; National Disability Insurance Scheme (NDIS); CAM Walker (Moon Boot); Resources
Advanced Foot Care Bargara,8/699 Bargara Road Bargara QLD 4670,vbundaberg@myfootdr.com.au,1800366837,Clinical Podiatry; Custom Foot Orthotics; Video Gait Analysis; Diabetic Footcare; National Disability Insurance Scheme; Seniors Footcare; Health Funds; Diabetes and Footcare; National Disability Insurance Scheme (NDIS); Resources
Advanced Foot Care Bundaberg,10/36 Quay St Bundaberg Central QLD 4670,vbundaberg@myfootdr.com.au,1800366837,Sports podiatry; Digital Gait analysis; Custom Orthotics; Paediatric assessments; Footwear assessments; General podiatry care; Clinical Podiatry; Health Funds; Custom Foot Orthotics; Video Gait Analysis; Diabetes and Footcare; National Disability Insurance Scheme (NDIS); CAM Walker (Moon Boot); Footwear; Resources
Advanced Foot Care Hervey Bay,1/6 Torquay Rd Pialba QLD 4655,vhervey.bay@myfootdr.com.au,1800366837,Clinical podiatry; Custom foot orthotics; Video gait analysis; Diabetic footcare; National Disability Insurance Scheme; CAM walker (moon boot); Seniors footcare; Clinical Podiatry; Health Funds; Custom Foot Orthotics; Video Gait Analysis; Diabetes and Footcare; National Disability Insurance Scheme (NDIS); CAM Walker (Moon Boot); Footwear; Resources
My FootDr Mackay,153 Victoria St Mackay QLD 4740,vmackay@myfootdr.com.au,1800366837,Clinical podiatry; Custom foot orthotics; Video gait analysis; Fungal nail infection laser treatment; Diabetic footcare; Custom footwear; National Disability Insurance Scheme; CAM walker (moon boot); Seniors footcare; Shockwave therapy; Footwear; Paraffin wax bath treatment; Cryotherapy for Plantar Warts; Clinical Podiatry; Health Funds; Custom Foot Orthotics; Video Gait Analysis; Fungal Nail Infection Laser Treatment; Diabetes and Footcare; Custom Footwear; National Disability Insurance Scheme (NDIS); CAM Walker (Moon Boot); Shockwave Therapy; Paraffin Wax Bath Treatment; Cryotherapy For Plantar Warts; Resources
Advanced Foot Care Monto,35 Flinders Street Monto QLD 4630,vinfo@advancedfootcare.com.au,1800366837,NA
My FootDr Rockhampton,8/235-239 Musgrave St North Rockhampton QLD 4701,vrockhampton@myfootdr.com.au,1800366837,"Heel & Arch Pain; Fungal & Ingrown Toenails; Shin Splints; Leg & Ankle Pain; Bunions, Corns & Calluses; Children’s Foot Health; Custom Foot Orthotics; Biomechanical Assessment; Video Gait Analysis; Shockwave Treatment; Diabetes Foot Screenings; Fungal Nail Laser Treatment; Ingrown Nail Surgery; Clinical Podiatry; Health Funds; Fungal Nail Infection Laser Treatment; Diabetes and Footcare; Custom Footwear; National Disability Insurance Scheme (NDIS); CAM Walker (Moon Boot); Shockwave Therapy; Footwear; Cryotherapy For Plantar Warts; Resources"
My FootDr Yeppoon,61 Queen St Yeppoon QLD 4703,vyeppoon@myfootdr.com.au,1800366837,Custom Foot Orthotics; Biomechanical Assessment; Video Gait Analysis; Shockwave Treatment; Diabetes Foot Screenings; Fungal Nail Laser Treatment; Ingrown Nail Surgery; Clinical Podiatry; Health Funds; Diabetes and Footcare; Custom Footwear; National Disability Insurance Scheme (NDIS); CAM Walker (Moon Boot); Shockwave Therapy; Cryotherapy For Plantar Warts; Resources
My FootDr Allsports Podiatry Parkwood,Shop 13/122 Napper Rd Parkwood QLD 4214,vparkwood@allsportspodiatry.com.au,1800366837,NA
Back In Motion Podiatry Burleigh Waters,"Shop E, 1/6-8 Classic Way Burleigh Waters QLD 4220",vburleighwaters.podiatry@backinmotion.com.au,1800366837,Surgical Podiatry; Supramalleolar Orthotics (SMOs); Clinical Podiatry; Custom Foot Orthotics; Diabetes and Footcare; Custom Footwear; National Disability Insurance Scheme (NDIS); Seniors Footcare; Shockwave Therapy; Ankle-Foot Orthoses
My FootDr Hope Island,"Shop 5, 10 Santa Barbara Road Hope Island QLD 4212",vhopeisland@myfootdr.com.au,1800366837,Clinical podiatry; Custom foot orthotics; Video gait analysis; Fungal nail infection laser treatment; Diabetic footcare; National Disability Insurance Scheme; CAM walker (moon boot); Seniors footcare; Shockwave therapy; Footwear; Cryotherapy for plantar warts; Clinical Podiatry; Health Funds; Custom Foot Orthotics; Video Gait Analysis; Fungal Nail Infection Laser Treatment; Diabetes and Footcare; National Disability Insurance Scheme (NDIS); CAM Walker (Moon Boot); Shockwave Therapy; Cryotherapy For Plantar Warts; Resources
Allsports Podiatry Pimpama,2 Nexus Drive Tenancy D1.4 Pimpama QLD 4209,vPimpama@allsportspodiatry.com.au,1800366837,NA
Physiologic Podiatry Robina,334 Scottsdale Drive Robina QLD 4226,vrobina@physiologic.com.au,1800366837,Clinical Podiatry; Health Funds; Custom Foot Orthotics; Video Gait Analysis; Diabetes and Footcare; National Disability Insurance Scheme (NDIS); CAM Walker (Moon Boot); Resources
NQ Foot & Ankle Centre Cowboys Centre of Excellence,North Queensland Cowboys Centre of Excellence 26 Graham Murray Place Railway Estate QLD 4810,vkirwan@nqfootandankle.com.au,1800366837,Custom Foot Orthotics; Video Gait Analysis; Diabetes and Footcare; Shockwave Therapy
NQ Foot & Ankle Centre Kirwan,NQ Foot & Ankle Centre 93 Thuringowa Drive Kirwan QLD 4817,vkirwan@nqfootandankle.com.au,1800366837,Clinical Podiatry; Health Funds; Custom Foot Orthotics; Video Gait Analysis; Diabetes and Footcare; National Disability Insurance Scheme (NDIS); CAM Walker (Moon Boot); Shockwave Therapy; Resources
My FootDr Townsville,140 Ross River Road Mundingburra QLD 4812,vtownsville@myfootdr.com.au,1800366837,Clinical Podiatry; Health Funds; Custom Foot Orthotics; Video Gait Analysis; Fungal Nail Infection Laser Treatment; Diabetes and Footcare; Custom Footwear; National Disability Insurance Scheme (NDIS); CAM Walker (Moon Boot); Shockwave Therapy; Paraffin Wax Bath Treatment; Cryotherapy For Plantar Warts; Resources
My FootDr Beerwah,58 Simpson Street Beerwah QLD 4519,vbeerwah@myfootdr.com.au,1800366837,Clinical Podiatry; Custom Foot Orthotics; Video Gait Analysis; Diabetic Footcare; Custom Footwear; National Disability Insurance Scheme; Seniors Footcare; Surgical Podiatry; Supramalleolar Orthotics (SMOs); Health Funds; Diabetes and Footcare; National Disability Insurance Scheme (NDIS); Resources
Allsports Podiatry Noosa,"Unit 4, 17 Sunshine Beach Rd Noosa QLD 4567",vnoosa@allsportspodiatry.com.au,1800366837,General podiatry care; Ingrown toenail treatment; Custom foot orthotics; Video gait analysis; Diabetic footcare; Seniors footcare; Paediatric assessments
My FootDr Ispahan,315 Macquarie Street Hobart TAS 7000,vispahan@myfootdr.com.au,1800366837,Clinical Podiatry; Health Funds; Custom Foot Orthotics; Video Gait Analysis; Diabetes and Footcare; National Disability Insurance Scheme (NDIS); CAM Walker (Moon Boot); Cryotherapy For Plantar Warts; Resources
Back In Motion Podiatry Bacchus Marsh,118 Gisborne Rd Bacchus Marsh VIC 3340,vbacchusmarsh@backinmotion.com.au,1800366837,Bracenfix™ - Ingrown Toenail Treatment; SWIFT Microwave Wart Therapy
Back In Motion Podiatry Melton,386/388 High St Melton VIC 3337,vmelton@backinmotion.com.au,1800366837,Bracenfix™ - Ingrown Toenail Treatment; SWIFT Microwave Wart Therapy
My FootDr Ballarat,34 Armstrong St N Ballarat Central VIC 3350,vballarat@myfootdr.com.au,1800366837,Clinical Podiatry; Custom Foot Orthotics; Video Gait Analysis; Fungal Nail Infection Laser Treatment; Diabetic Footcare; National Disability Insurance Scheme; CAM Walker (Moon Boot); Seniors Footcare; Shockwave Therapy; Health Funds; Diabetes and Footcare; National Disability Insurance Scheme (NDIS); Resources
My FootDr Boronia,12 Floriston Rd Boronia VIC 3155,vboronia@myfootdr.com.au,1800366837,Clinical Podiatry; Custom Foot Orthotics; Video Gait Analysis; Diabetic Footcare; National Disability Insurance Scheme; CAM Walker (Moon Boot); Seniors Footcare; Paraffin Wax Bath Treatment; Cryotherapy For Plantar Warts; Bracenfix™ - Ingrown Toenail Treatment; Health Funds; Fungal Nail Infection Laser Treatment; Diabetes and Footcare; National Disability Insurance Scheme (NDIS); Cosmetic Nail Restoration; Shockwave Therapy; Resources
The Foot and Ankle Clinic Podiatry Chadstone,79 Chadstone Road Malvern East VIC 3145,vchadstone@thefootandankleclinic.com.au,1800366837,Clinical podiatry; Custom foot orthotics; Video gait analysis; Fungal nail infection laser treatment; Diabetic footcare; Custom footwear; National Disability Insurance Scheme; CAM walker (moon boot); Seniors footcare; Cosmetic nail restoration; Shockwave therapy; Footwear; Paraffin wax bath treatment; Cryotherapy for plantar warts; Verruca Surgery; Bracenfix™ - Ingrown Toenail Treatment; Clinical Podiatry; Health Funds; Custom Foot Orthotics; Video Gait Analysis; Fungal Nail Infection Laser Treatment; Diabetes and Footcare; National Disability Insurance Scheme (NDIS); CAM Walker (Moon Boot); Cosmetic Nail Restoration; Shockwave Therapy; Paraffin Wax Bath Treatment; Cryotherapy For Plantar Warts; Resources
My FootDr Cranbourne,26 William St Cranbourne VIC 3977,vcranbourne@myfootdr.com.au,1800366837,Clinical podiatry; Custom foot orthotics; Video gait analysis; Diabetic footcare; National Disability Insurance Scheme; CAM walker (moon boot); Seniors footcare; Paraffin wax bath treatment; Cryotherapy for plantar warts; Clinical Podiatry; Health Funds; Diabetes and Footcare; National Disability Insurance Scheme (NDIS)
The Foot and Ankle Clinic Podiatry East Bentleigh,951 Centre Road East Bentleigh VIC 3165,veastbentleigh@thefootandankleclinic.com.au,1800366837,Clinical podiatry; Custom foot orthotics; Video gait analysis; Fungal nail infection laser treatment; Diabetic footcare; Custom footwear; National Disability Insurance Scheme; CAM walker (moon boot); Seniors footcare; Cosmetic nail restoration; Shockwave therapy; Footwear; Paraffin wax bath treatment; Cryotherapy for plantar warts; Bracenfix™ - Ingrown Toenail Treatment; Clinical Podiatry; Health Funds; Custom Foot Orthotics; Video Gait Analysis; Fungal Nail Infection Laser Treatment; Diabetes and Footcare; National Disability Insurance Scheme (NDIS); CAM Walker (Moon Boot); Cosmetic Nail Restoration; Shockwave Therapy; Cryotherapy For Plantar Warts; Resources
The Foot and Ankle Clinic Moe,11 Haigh Street Moe VIC 3825,vmoe@thefootandankleclinic.com.au,1800366837,Bracenfix™ - Ingrown Toenail Treatment; Clinical Podiatry; Health Funds; Custom Foot Orthotics; Video Gait Analysis; Fungal Nail Infection Laser Treatment; Diabetes and Footcare; Custom Footwear; National Disability Insurance Scheme (NDIS); CAM Walker (Moon Boot); Cosmetic Nail Restoration; Shockwave Therapy; Footwear; Paraffin Wax Bath Treatment; Cryotherapy For Plantar Warts; Resources
The Foot and Ankle Clinic Sale,195 Raymond Street Sale VIC 3850,vsale@thefootandankleclinic.com.au,1800366837,Bracenfix™ - Ingrown Toenail Treatment; Clinical Podiatry; Health Funds; Custom Foot Orthotics; Video Gait Analysis; Fungal Nail Infection Laser Treatment; Diabetes and Footcare; Custom Footwear; National Disability Insurance Scheme (NDIS); CAM Walker (Moon Boot); Cosmetic Nail Restoration; Shockwave Therapy; Footwear; Paraffin Wax Bath Treatment; Cryotherapy For Plantar Warts; Resources
The Foot and Ankle Clinic Traralgon,39 Grey Street Traralgon VIC 3844,vtraralgon@thefootandankleclinic.com.au,1800366837,Bracenfix™ - Ingrown Toenail Treatment; Clinical Podiatry; Health Funds; Custom Foot Orthotics; Video Gait Analysis; Fungal Nail Infection Laser Treatment; Diabetes and Footcare; Custom Footwear; National Disability Insurance Scheme (NDIS); CAM Walker (Moon Boot); Cosmetic Nail Restoration; Shockwave Therapy; Footwear; Paraffin Wax Bath Treatment; Cryotherapy For Plantar Warts; SWIFT Microwave Wart Therapy; Resources
My FootDr Wantirna,Shop 9a 348 Mountain Hwy Wantirna VIC 3152,vbayswater.podiatry@backinmotion.com.au,1800366837,Bracenfix™ - Ingrown Toenail Treatment; Supramalleolar Orthotics (SMOs); Clinical Podiatry; Health Funds; Custom Foot Orthotics; Video Gait Analysis; Diabetes and Footcare; Custom Footwear; National Disability Insurance Scheme (NDIS); CAM Walker (Moon Boot); Cam Walker - (Moon Boot); Cryotherapy For Plantar Warts; Resources; Ankle-Foot Orthoses; Richie Brace
Border Podiatry Wodonga,5/91 Hume St Wodonga VIC 3690,vwodonga@myfootdr.com.au,1800366837,Bracenfix™ - Ingrown Toenail Treatment; Clinical Podiatry; Health Funds; Custom Foot Orthotics; Video Gait Analysis; Diabetes and Footcare; National Disability Insurance Scheme (NDIS); CAM Walker (Moon Boot); Shockwave Therapy; Footwear; Resources
Back In Motion Podiatry Como,Unit 3 / 460 Canning Highway Como WA 6152,vcomo@backinmotion.com.au,1800366837,Clinical Podiatry; Shockwave Therapy
My FootDr Warwick,"Shop SP039, Warwick Grove Shopping Centre Cnr Beach and Erindale Road Warwick WA 6024",vwarwick@myfootdr.com.au,1800366837,Clinical Podiatry; Health Funds; Custom Foot Orthotics; Video Gait Analysis; Fungal Nail Infection Laser Treatment; Diabetes and Footcare; National Disability Insurance Scheme (NDIS); CAM Walker (Moon Boot); Cosmetic Nail Restoration; Footwear; Resources
My FootDr Wembley Downs,136B Weaponess Rd Wembley Downs WA 6019,vwembleydowns@myfootdr.com.au,1800366837,Clinical Podiatry; Health Funds; Custom Foot Orthotics; Video Gait Analysis; Fungal Nail Infection Laser Treatment; Diabetes and Footcare; National Disability Insurance Scheme (NDIS); CAM Walker (Moon Boot); Cosmetic Nail Restoration; Shockwave Therapy; Cryotherapy For Plantar Warts; Resources
My FootDr Devonport,26 William St Devonport TAS 7310,vdevonport@myfootdr.com.au,1800366837,Clinical podiatry; Custom foot orthotics; Video gait analysis; Diabetic footcare; Custom footwear; National Disability Insurance Scheme; CAM walker (moon boot); Seniors footcare; Cosmetic nail restoration; Shockwave therapy; Footwear; Cryotherapy for plantar warts; Clinical Podiatry; Health Funds; Custom Foot Orthotics; Video Gait Analysis; Diabetes and Footcare; Custom Footwear; National Disability Insurance Scheme (NDIS); CAM Walker (Moon Boot); Cosmetic Nail Restoration; Shockwave Therapy; Cryotherapy For Plantar Warts; Resources
Allsports Podiatry Forest Lake,The Tower Medical Centre 241 Forest Lake Boulevard Forest Lake QLD 4078,vforestlake@allsportspodiatry.com.au,1800366837,Clinical podiatry; Custom foot orthotics; Video gait analysis; Diabetic footcare; National Disability Insurance Scheme; CAM walker (moon boot); Seniors footcare; Clinical Podiatry; Health Funds; Custom Foot Orthotics; Video Gait Analysis; Diabetes and Footcare; National Disability Insurance Scheme (NDIS); CAM Walker (Moon Boot); Resources
My FootDr Mt Gravatt,Level 2 / 1437 Logan Road (enter off Gowrie St) Mount Gravatt QLD 4122,vmtgravatt@myfootdr.com.au,1800366837,Clinical podiatry; Custom foot orthotics; Video gait analysis; Diabetic footcare; Custom footwear; Ankle-Foot-Orthoses; Supramalleolar Orthotics; National Disability Insurance Scheme; CAM walker (moon boot); Seniors footcare; Shockwave therapy; Footwear; Supramalleolar Orthotics (SMOs); Clinical Podiatry; Health Funds; Custom Foot Orthotics; Video Gait Analysis; Fungal Nail Infection Laser Treatment; Diabetes and Footcare; Custom Footwear; National Disability Insurance Scheme (NDIS); CAM Walker (Moon Boot); Shockwave Therapy; Resources; Ankle-Foot Orthoses
My FootDr Toowoomba,"Shop 52, Clifford Gardens Shopping Centre Corner James St & Anzac Ave Toowoomba City QLD 4350",vtoowoomba@myfootdr.com.au,1800366837,Clinical Podiatry; Health Funds; Custom Foot Orthotics; Video Gait Analysis; Diabetes and Footcare; National Disability Insurance Scheme (NDIS); CAM Walker (Moon Boot); Shockwave Therapy; Footwear; Resources
Allsports Podiatry Wavell Heights,1A/159 Hamilton Road Wavell Heights QLD 4012,vwavellheights@allsportspodiatry.com.au,1800366837,Sports Podiatry; Video Gait Assessment; Biomechanical Assessments; 3D Printed Orthotics; Custom Sports Orthotics; Paediatric Assessments; Nail Surgery and General Podiatry Care; Clinical Podiatry; Health Funds; Custom Foot Orthotics; Video Gait Analysis; Diabetes and Footcare; National Disability Insurance Scheme (NDIS); CAM Walker (Moon Boot); Resources
Wellington Point,8/405-409 Main Rd Wellington Point QLD 4160,vwellingtonpoint@myfootdr.com.au,1800366837,Sports Podiatry; Video Gait Assessment; Biomechanical Assessments; 3D Printed Orthotics; Custom Sports Orthotics; Paediatric Assessments; Nail Surgery and General Podiatry Care; Clinical Podiatry; Health Funds; Custom Foot Orthotics; Video Gait Analysis; Diabetes and Footcare; National Disability Insurance Scheme (NDIS); CAM Walker (Moon Boot); Resources
My FootDr Cairns,"Shop 2, 494 Mulgrave Road Earlville QLD 4870",vcairns@myfootdr.com.au,1800366837,"Custom foot orthoticsWe design, make & fit our orthotics using the latest computerised scanning and milling system. Whether you call them orthotics or arch supports, our goal is to make them quickly, so you can get back to enjoying your active lifestyle. If you have sore painful heels in the morning when you get out of bed, or throughout the day, our custom-made orthotics can help.; We design, make & fit our orthotics using the latest computerised scanning and milling system. Whether you call them orthotics or arch supports, our goal is to make them quickly, so you can get back to enjoying your active lifestyle. If you have sore painful heels in the morning when you get out of bed, or throughout the day, our custom-made orthotics can help.; Shockwave therapy; Ultrasound; Acupuncture; Wax foot baths; Foot mobilisation; Laser treatment for fungal toenails; Clinical Podiatry; Health Funds; Custom Foot Orthotics; Video Gait Analysis; Fungal Nail Infection Laser Treatment; Diabetes and Footcare; Custom Footwear; National Disability Insurance Scheme (NDIS); CAM Walker (Moon Boot); Shockwave Therapy; Footwear; Paraffin Wax Bath Treatment; Resources"
My FootDr Thuringowa,"Shop 129, Willows Shopping Centre Cnr Thuringowa Dr & Hervey Range Rd Thuringowa Central QLD 4817",vwillows@myfootdr.com.au,1800366837,Clinical Podiatry; Health Funds; Custom Foot Orthotics; Video Gait Analysis; Fungal Nail Infection Laser Treatment; Diabetes and Footcare; National Disability Insurance Scheme (NDIS); CAM Walker (Moon Boot); Cosmetic Nail Restoration; Shockwave Therapy; Footwear; Cryotherapy For Plantar Warts; Resources
Back In Motion Podiatry Bayswater,Shop 9a 348 Mountain Hwy Wantirna VIC 3152,vbayswater.podiatry@backinmotion.com.au,1800366837,Bracenfix™ - Ingrown Toenail Treatment; Clinical Podiatry; Health Funds; Custom Foot Orthotics; Video Gait Analysis; Diabetes and Footcare; National Disability Insurance Scheme (NDIS); Seniors Footcare; Cosmetic Nail Restoration; Paraffin Wax Bath Treatment; Cryotherapy For Plantar Warts
My FootDr Pakenham,54 James St Pakenham VIC 3810,vpakenham@myfootdr.com.au,1800366837,Bracenfix™ - Ingrown Toenail Treatment; Clinical Podiatry; Health Funds; Custom Foot Orthotics; Video Gait Analysis; Diabetes and Footcare; National Disability Insurance Scheme (NDIS); CAM Walker (Moon Boot); Shockwave Therapy; Paraffin Wax Bath Treatment; Cryotherapy For Plantar Warts; Resources
BIM Podiatry Balcatta,"Lot 2, 386 Wanneroo Road Westminster WA 6061",NA,1800366837,NA
Back In Motion Podiatry Bundall,"1 Allawah St (cnr Bundall Rd) Bundall, Gold Coast QLD 4217",vbundall.podiatry@backinmotion.com.au,1800366837,Surgical Podiatry; Supramalleolar Orthotics (SMOs); Clinical Podiatry; Custom Foot Orthotics; Diabetes and Footcare; Custom Footwear; National Disability Insurance Scheme (NDIS); Seniors Footcare; Shockwave Therapy; Ankle-Foot Orthoses
My FootDr Varsity Lakes (formerly Robina),Shop 1 190 Varsity Parade Varsity Lakes QLD 4227,vvarsitylakes@myfootdr.com.au,1800366837,Surgical Podiatry; Clinical Podiatry; Custom Foot Orthotics; Fungal Nail Infection Laser Treatment; Diabetes and Footcare; National Disability Insurance Scheme (NDIS); CAM Walker (Moon Boot); Seniors Footcare; Shockwave Therapy
My FootDr Warragul,1/65 Victoria St Warragul VIC 3820,vwarragul@myfootdr.com.au,1800366837,Bracenfix™ - Ingrown Toenail Treatment; Clinical Podiatry; Health Funds; Custom Foot Orthotics; Video Gait Analysis; Diabetes and Footcare; National Disability Insurance Scheme (NDIS); CAM Walker (Moon Boot); Shockwave Therapy; Footwear; Paraffin Wax Bath Treatment; SWIFT Microwave Wart Therapy; Resources
My FootDr Gladstone,1/146 Auckland St Gladstone Central QLD 4680,vgladstone@myfootdr.com.au,1800366837,Clinical podiatry; Custom foot orthotics; Video gait analysis; Diabetic footcare; National Disability Insurance Scheme; CAM walker (moon boot); Seniors footcare; Cryotherapy for plantar warts; Clinical Podiatry; Health Funds; Custom Foot Orthotics; Video Gait Analysis; Diabetes and Footcare; National Disability Insurance Scheme (NDIS); CAM Walker (Moon Boot); Cryotherapy For Plantar Warts; Resources
My FootDr Currambine,Suite 12/13 Hobsons Gate Currambine WA 6028,vcurrambine@myfootdr.com.au,1800366837,Clinical podiatry; Custom foot orthotics; Video gait analysis; Fungal nail infection laser treatment; Diabetic footcare; National Disability Insurance Scheme; CAM walker (moon boot); Seniors footcare; Cryotherapy for plantar warts; Clinical Podiatry; Health Funds; Custom Foot Orthotics; Video Gait Analysis; Fungal Nail Infection Laser Treatment; Diabetes and Footcare; National Disability Insurance Scheme (NDIS); CAM Walker (Moon Boot); Cryotherapy For Plantar Warts; Resources
My FootDr Bathurst,41 Keppel St Bathurst NSW 2795,vbathurst@myfootdr.com.au,1800366837,Clinical Podiatry; Custom Foot Orthotics; Video Gait Analysis; Diabetic Footcare; National Disability Insurance Scheme; CAM Walker (Moon Boot); Seniors Footcare; Health Funds; Diabetes and Footcare; National Disability Insurance Scheme (NDIS); Resources
My FootDr Blacktown,Suite 113/30 Campbell Street Blacktown NSW 2148,vblacktown@myfootdr.com.au,1800366837,Clinical Podiatry; Custom Foot Orthotics; Video Gait Analysis; Diabetic Footcare; National Disability Insurance Scheme; CAM Walker (Moon Boot); Seniors Footcare; Health Funds; Diabetes and Footcare; National Disability Insurance Scheme (NDIS); Resources
My FootDr Burwood,6 Railway Parade Burwood NSW 2134,vburwood@myfootdr.com.au,1800366837,General foot care; Diabetes care; Custom foot orthotics; Paediatric care; Nail surgery; Footwear advice; Clinical Podiatry; Health Funds; Custom Foot Orthotics; Video Gait Analysis; Diabetes and Footcare; National Disability Insurance Scheme (NDIS); CAM Walker (Moon Boot); Shockwave Therapy; Footwear; Resources
My FootDr Casula,6 Holston Street Casula NSW 2170,vcasula@myfootdr.com.au,1800366837,Clinical podiatry; Custom foot orthotics; Video gait analysis; Diabetic footcare; National Disability Insurance Scheme; CAM walker (moon boot); Seniors footcare; Shockwave therapy; Cryotherapy for plantar warts; Clinical Podiatry; Health Funds; Custom Foot Orthotics; Video Gait Analysis; Fungal Nail Infection Laser Treatment; Diabetes and Footcare; National Disability Insurance Scheme (NDIS); CAM Walker (Moon Boot); Shockwave Therapy; Resources
My FootDr Cessnock,298 Maitland Rd Cessnock NSW 2325,vcessnock@myfootdr.com.au,1800366837,Clinical Podiatry; Health Funds; Custom Foot Orthotics; Video Gait Analysis; Diabetes and Footcare; National Disability Insurance Scheme (NDIS)
My FootDr Charlestown,190 Pacific Highway Charlestown NSW 2290,vcharlestown@myfootdr.com.au,1800366837,Clinical podiatry; Custom foot orthotics; 3D Scans; Video gait analysis; Diabetic foot care; NDIS services; Seniors’ foot care; Shockwave therapy; Bracenfix™ - Ingrown Toenail Treatment; Clinical Podiatry; Health Funds; Custom Foot Orthotics; Video Gait Analysis; Diabetes and Footcare; National Disability Insurance Scheme (NDIS); Shockwave Therapy; Footwear
My FootDr Dubbo,"Shop 18, Orana Mall Shopping Centre 56 Windsor Parade Dubbo NSW 2830",vdubbo@myfootdr.com.au,1800366837,Clinical podiatry; Custom foot orthotics; Video gait analysis; Laser treatment for fungal nail infections; Diabetic foot care; Custom footwear; NDIS services; CAM walkers (moon boots); Seniors’ foot care; Shockwave therapy; Clinical Podiatry; Health Funds; Custom Foot Orthotics; Video Gait Analysis; Fungal Nail Infection Laser Treatment; Diabetes and Footcare; Custom Footwear; National Disability Insurance Scheme (NDIS); CAM Walker (Moon Boot); Shockwave Therapy; Footwear; Resources
My FootDr Mittagong,48 Bowral Road Mittagong NSW 2575,vmittagong@myfootdr.com.au,1800366837,Clinical Podiatry; Health Funds; Custom Foot Orthotics; Video Gait Analysis; Diabetes and Footcare; National Disability Insurance Scheme (NDIS); CAM Walker (Moon Boot); Shockwave Therapy; Cryotherapy For Plantar Warts; Resources
My FootDr Moorebank,2 Stockton Avenue Moorebank NSW 2170,vmoorebank@myfootdr.com.au,1800366837,Clinical Podiatry; Health Funds; Custom Foot Orthotics; Video Gait Analysis; Diabetes and Footcare; National Disability Insurance Scheme (NDIS); CAM Walker (Moon Boot); Shockwave Therapy; Resources
My FootDr Tweed Heads,1/107 Minjungbal Drive Tweed Heads South NSW 2485,vtweedheads@myfootdr.com.au,1800366837,Clinical Podiatry; Health Funds; Custom Foot Orthotics; Video Gait Analysis; Fungal Nail Infection Laser Treatment; Diabetes and Footcare; Custom Footwear; National Disability Insurance Scheme (NDIS); CAM Walker (Moon Boot); Cosmetic Nail Restoration; Shockwave Therapy; Footwear; Paraffin Wax Bath Treatment; Resources; Ankle-Foot Orthoses
My FootDr Palmerston,"Shop 15, Oasis Shopping Village 15 Temple Tce Palmerston NT 0830",vpalmerston@myfootdr.com.au,1800366837,Clinical Podiatry; Health Funds; Custom Foot Orthotics; Video Gait Analysis; Fungal Nail Infection Laser Treatment; Diabetes and Footcare; National Disability Insurance Scheme (NDIS); CAM Walker (Moon Boot); Footwear; Cryotherapy For Plantar Warts; Resources
My FootDr Christies Beach,141 Beach Rd Christies Beach SA 5165,vchristies.beach@myfootdr.com.au,1800366837,Clinical podiatry; Custom foot orthotics; Video gait analysis; Diabetic footcare; Custom footwear; National Disability Insurance Scheme; CAM walker (moon boot); Seniors footcare; Shockwave therapy; Footwear; Clinical Podiatry; Health Funds; Custom Foot Orthotics; Video Gait Analysis; Diabetes and Footcare; Custom Footwear; National Disability Insurance Scheme (NDIS); CAM Walker (Moon Boot); Shockwave Therapy; Resources
My FootDr Unley,98 Unley Rd Unley SA 5061,vunley@myfootdr.com.au,1800366837,"Laser therapy for Nail Fungal Infections; Heel pain and heel spur solutions are a speciality; Shockwave therapy; Video and computerised walking analysis; Custom made softorthotics; Postural assessment for those with hip, knee and back pain caused by the alignment of the feet.; General foot care including pain-free treatment of corns, calluses, warts and ingrown toe nails.; Enhanced Primary Care Treatment plans by Doctors referral are accepted.; DVA Claims are accepted by appropriate doctor referral; Surgical ingrown toenail procedures; NDIS.; Clinical Podiatry; Health Funds; Custom Foot Orthotics; Video Gait Analysis; Fungal Nail Infection Laser Treatment; Diabetes and Footcare; Custom Footwear; National Disability Insurance Scheme (NDIS); CAM Walker (Moon Boot); Cosmetic Nail Restoration; Shockwave Therapy; Resources"
My FootDr Aldinga,Aldinga Medical Centre 89 Rowley Road Aldinga Beach SA 5173,valdinga@myfootdr.com.au,1800366837,Clinical Podiatry; Custom Foot Orthotics; Video Gait Analysis; Fungal Nail Infection Laser Treatment; Diabetic Footcare; National Disability Insurance Scheme; CAM Walker (Moon Boot); Seniors Footcare; Shockwave Therapy; Footwear; Health Funds; Diabetes and Footcare; National Disability Insurance Scheme (NDIS); Resources
My FootDr Woodville,Shop 1 924 Port Road Woodville West SA 5011,vwoodville@myfootdr.com.au,1800366837,Clinical Podiatry; Health Funds; Custom Foot Orthotics; Video Gait Analysis; Diabetes and Footcare; National Disability Insurance Scheme (NDIS)
My FootDr Blackwood,236 Main Road Blackwood SA 5051,vblackwood@myfootdr.com.au,1800366837,Clinical Podiatry; Custom Foot Orthotics; Video Gait Analysis; Diabetic Footcare; Custom Footwear; National Disability Insurance Scheme; CAM Walker (Moon Boot); Seniors Footcare; Footwear; Supramalleolar Orthotics (SMOs); Health Funds; Diabetes and Footcare; National Disability Insurance Scheme (NDIS); Resources; Ankle-Foot Orthoses
My FootDr Hove,372 Brighton Rd Hove SA 5048,vhove@myfootdr.com.au,1800366837,Clinical podiatry; Custom foot orthotics; Video gait analysis; Diabetic footcare; National Disability Insurance Scheme; CAM walker (moon boot); Seniors footcare; Supramelleolar orthotics (SMO’s); Custom footwear; Ankle-foot Orthoses (AFO’s); Supramalleolar Orthotics (SMOs); Clinical Podiatry; Health Funds; Custom Foot Orthotics; Video Gait Analysis; Diabetes and Footcare; Custom Footwear; National Disability Insurance Scheme (NDIS); CAM Walker (Moon Boot); Resources; Ankle-Foot Orthoses
My FootDr Modbury,2/959 North East Rd Modbury SA 5092,vmodbury@myfootdr.com.au,1800366837,Bracenfix™ - Ingrown Toenail Treatment; Clinical Podiatry; Health Funds; Custom Foot Orthotics; Video Gait Analysis; Fungal Nail Infection Laser Treatment; Diabetes and Footcare; National Disability Insurance Scheme (NDIS); CAM Walker (Moon Boot); Cosmetic Nail Restoration; Shockwave Therapy; Footwear; Resources; Richie Brace
Semaphore (formerly Queenstown),160 Semaphore Road Semaphore SA 5019,vsemaphore@myfootdr.com.au,1800366837,General foot care for skin and nails; Ingrown toenail treatment; Diabetic foot care; Children’s foot care; Custom foot orthotics; Video gait analysis; Shockwave therapy; Footwear advice; Clinical Podiatry; Health Funds; Custom Foot Orthotics; Video Gait Analysis; Diabetes and Footcare; Shockwave Therapy
My FootDr Stirling,Shop 10 Stirling Tiers 55 Mt Barker Road Stirling SA 5152,vstirling@myfootdr.com.au,1800366837,Clinical Podiatry; Health Funds; Custom Foot Orthotics; Video Gait Analysis; Diabetes and Footcare; Custom Footwear; National Disability Insurance Scheme (NDIS); Resources
My FootDr Narellan,"Suite 407, 326 Camden Valley Way Narellan NSW 2567",vnarellan@myfootdr.com.au,1800366837,Clinical Podiatry; Health Funds; Custom Foot Orthotics; Video Gait Analysis; Fungal Nail Infection Laser Treatment; Diabetes and Footcare; National Disability Insurance Scheme (NDIS); CAM Walker (Moon Boot); Shockwave Therapy; Resources
My FootDr Orange,"Shop V5-7, Orange City Centre 190 Anson St Orange NSW 2800",vorange@myfootdr.com.au,1800366837,"We provide our patients with innovative and world-class podiatry solutions, so they’re not limited by foot pain and can enjoy a happier life.; We work with our patients to tailor a treatment that is individualised to their needs.; We always provide our patients with quality care and ensure each patient is treated with respect and attention.; Clinical Podiatry; Health Funds; Custom Foot Orthotics; Video Gait Analysis; Fungal Nail Infection Laser Treatment; Diabetes and Footcare; National Disability Insurance Scheme (NDIS); CAM Walker (Moon Boot); Footwear; Cryotherapy For Plantar Warts; Resources"
